text,label,stock_code,stock_name,change
前明星經理人 萬鈞法人視野 分析 台達電掌握電力安全與效率輸送 週前台達電子新加坡實習申請 月日截止 nccu edu tw 台聯大政大辦公室訊 溫世仁文教基金會uaited university alliance in talent development 全球產學未來人才培育策略聯盟 與台達電子密 小時前焦點股 電源供應器領頭羊 美系外資加碼目標元 台達電股價再創新高msn 財訊快報 記者劉居,1,2308,台達電子,2.9787234042553195
yahoo新聞財經中心 綜合報導 本日股市重點 美股穩健 科技股續強個人消費支出與核心通膨數據顯示 美國經濟成長動能仍然穩健 支撐股市風險偏好,1,2308,台達電子,2.9787234042553195
玩股網本周指數續創高點 權值股輪動推升盤勢 低軌衛星與保健族群強勢表態 散戶熱門股與老ai震盪加劇 資金開始轉向具新敘事與防禦題材個股,1,2308,台達電子,2.9787234042553195
美系外資在新出爐的報告中調高台達電目標價 由 元調高至 元 週前鴻海落後台達電 免驚,1,2308,台達電子,2.9787234042553195
台達電子 google 搜尋 如果系統沒有在數秒鐘後將您重新導向 請按一下這裡,1,2308,台達電子,2.9787234042553195
英業達衝鋒 群創 力積電震盪 昇達科上千金 下周盤勢重點,1,2308,台達電子,2.9787234042553195
全部新聞圖片地圖 影片 書籍 搜尋工具 搜尋所有網站搜尋所有網站搜尋所有中文網頁搜尋繁體中文網頁近期近期 過去 小時 過去 小時 過去 週 過去 個月 過去 年封存依關聯性排序依關聯性排序按日期排序熱門股 台達電我大哥,1,2308,台達電子,2.9787234042553195
週前單挑台達電 康舒ai比重挑戰成自由財經記者方韋傑 台北報導 康舒 金寶 與泰金寶 dr 昨日舉辦集團旺年會 正式宣布合作策略 董事長許介立指出 ai伺服器電源市場之大 週前資策會數位轉型研究院 find中心find 趨勢在全球同步邁入 ai爆發成長 與 淨零轉型 的工業 浪潮下 企業正承受雙重挑戰 一方面ai 運算與基礎設施快速擴張 帶動更高的用電量與散熱需求,1,2308,台達電子,2.9787234042553195
大摩喊驚人目標價元 年獲利將翻倍 財經中時新聞網電源供應器龍頭廠台達電今早盤觸及元漲停價 創下歷史新天價 成交量逼近萬張 市值衝上 兆元 正式超過電子代工龍頭廠鴻海 僅次於晶圓代工龍頭廠 週前台達電收盤創高 朝兆市值挺進挑戰鴻海市值二哥地位 上市電子 股市聯合新聞網台達電日以 元平盤開出 早盤一度下滑至 元 之後反彈拉升 盤中衝達 元 寫歷史新高 市值 兆元 終場則是收在 元 上漲元 仍是收盤 週,1,2308,台達電子,2.9787234042553195
天前台達電逼宮鴻海劍指市值二哥 日報工商時報集儲能 缺電 ai伺服器等概念股的台達電 日一早股價逆勢衝高至元刷歷史新高價 市值一度來到 兆元 最後收元上漲元 市值 兆元 週前 下一頁 竹北 新竹縣竹北市根據你的 ip 位址 瞭解詳情登入設定隱私權服務條款深色主題 關閉,1,2308,台達電子,2.9787234042553195
四家外資目標價曝yahoo新聞台積電魏哲家點出供電問題重要性 ai時代下電力需求激增 台達電 成為關鍵角色,1,2308,台達電子,2.9787234042553195
一文看懂美日台韓在半導體的競合關係今周刊最近有南韓訪問團來台 我受邀做了一場演講 談美中科技競賽與台韓半導體競合關係,1,2330,台積電,1.13314447592068
台積電 抱誰過年終極評比 選神山過年宛如徒手攀岩,1,2330,台積電,1.13314447592068
台積電奈米客戶曝光 專家點名這幾檔 需求強到不行 張庭維 新聞storm mg台股封關進入最後個交易日倒數 該買還是該賣,1,2330,台積電,1.13314447592068
天前奈米製程相關新聞台積電熊本二廠改採奈米 魏哲家拜會高市早苗 日政府將提供支援yahoo新聞 小時前日官房長官 台積電熊本奈米廠符合日政府戰略目標聯合新聞網 小時前台積電擬在日量產奈米晶片 高市早苗 令人振奮自由時報 秒前加權指數相關新聞台股早盤挫逾點失守點 台積電跌元中央社 cna 小時前台積電跌元 台股下跌點 暫時失守萬yahoo新聞 小時前台積電跌元至 台股跌點回測ettoday財經雲 小,1,2330,台積電,1.13314447592068
每次有類似的演講 最精彩的都是交流時間 大家很踴躍發言提問 天前封關還是封棺,1,2330,台積電,1.13314447592068
許多投資人都困擾不已 尤其台股近期幾乎不跌 維持在高檔 權值股台積電 台達電等成了股民們的觀察指標,1,2330,台積電,1.13314447592068
台積電 google 搜尋 如果系統沒有在數秒鐘後將您重新導向 請按一下這裡,1,2330,台積電,1.13314447592068
法人點名聯發科與台積電買進一次看 財經newtalk新聞 小時前台積電在內,1,2330,台積電,1.13314447592068
rapidus在年度期間 自民間企業籌得的資金規模預估將高於原先預期 將超過億日圓 原先計劃 小時前同為國家支柱 為何三星在南韓常被罵 台積電卻被台灣稱為 護國神山,1,2330,台積電,1.13314447592068
台積電 指數盤中同刷高 創億天量自由財經財經頻道 綜合報導 台股今在台積電飆元新高 指數同步大漲登點新高 不過 在晶圓雙雄大翻車 加上近期熱門的面板 abf載板 記憶體等賣單釋出 天前 下一頁 竹北 新竹縣竹北市根據你的 ip 位址 瞭解詳情登入設定隱私權服務條款深色主題 關閉,1,2330,台積電,1.13314447592068
選另檔一覺醒來獲利差倍 上市櫃旺得富理財網台股封關日已定於月日 下周三 為春節前最後一個交易日 由於此次有長達天休市期 是否 抱股過年 再度成為熱議話題 投資專家建議 小時前日媒曝台積電熊本二廠 直攻奈米 投資金額暴增至億tvbs新聞網據日媒透露 台積電已敲定在熊本量產日本國內首見的 奈米 最先進半導體 投資規模也將從原本的億美元 約新台幣億元 飆升至億美元 約新 小時前台股豬羊變色收跌點,1,2330,台積電,1.13314447592068
外媒點名檔 被低估 科技股 多頭行情才正要開始自由財經 小時前分析師 台積電未來數年恐難滿足ai需求電子工程專輯 天前股市封關倒數該留 該跑,1,2330,台積電,1.13314447592068
全部新聞影片圖片 地圖 書籍 搜尋工具 搜尋所有網站搜尋所有網站搜尋所有中文網頁搜尋繁體中文網頁近期近期 過去 小時 過去 小時 過去 週 過去 個月 過去 年封存依關聯性排序依關聯性排序按日期排序台灣積體電路製造相關新聞誰吃下ai大餅,1,2330,台積電,1.13314447592068
全部新聞地圖圖片 影片 書籍 搜尋工具 搜尋所有網站搜尋所有網站搜尋所有中文網頁搜尋繁體中文網頁近期近期 過去 小時 過去 小時 過去 週 過去 個月 過去 年封存依關聯性排序依關聯性排序按日期排序焦點新聞記憶體股價急殺又如何,0,2344,華邦電子,-6.4655172413793105
三大法人同步砍逾萬張 刀刀見骨自由財經 天前連刷筆 賣單,0,2344,華邦電子,-6.4655172413793105
法人 群聯 華邦電年收有望戰千億元大關 日報工商時報 天前華邦電總座信心喊話沒用 爆萬張大量一度跌停yahoo股市 天前華邦電 力積電不妙 記憶體 cpo狼真的來了 小心股價腰斬,0,2344,華邦電子,-6.4655172413793105
又一陸廠出手ddr甩賣慘況曝分析師說話了南亞科 華邦電次評 這檔 沒得逃 上市櫃旺得富理財網 天前華邦電屍橫遍野,0,2344,華邦電子,-6.4655172413793105
華邦電不是最慘 這檔天爆砍近萬張最慘自由財經財經頻道 綜合報導 台股週二 日 在台積電 聯發科等重量級電子股領攻 指數開高收高 終場大漲點 收復點 而外資在賣超近千億後 天前目標價砍到元引爆賣壓,0,2344,華邦電子,-6.4655172413793105
他以過去航海王為例 小時前台股強彈外資賣超前大出爐,0,2344,華邦電子,-6.4655172413793105
達人 別掉進主力陷阱經濟日報 天前記憶體史詩級屠殺還沒完,0,2344,華邦電子,-6.4655172413793105
專家曝操作心法 千萬別梭哈 梁敬舟 全解析storm mg這波記憶體族群的修正來得又急又猛 市場恐慌情緒蔓延,0,2344,華邦電子,-6.4655172413793105
華邦電子 google 搜尋 如果系統沒有在數秒鐘後將您重新導向 請按一下這裡,0,2344,華邦電子,-6.4655172413793105
杜大師 看好至明年月 原因曝 站對位置超好賺 上市櫃旺得富理財網華邦電 力積電 月日遭打入跌停板 股市老先覺杜金龍認為是讓 還沒上車的趕快上車 只是漲多休息 不用過於擔心,0,2344,華邦電子,-6.4655172413793105
根據盤面觀察 不僅僅是華邦電 同族群中共有高達 檔個股在盤中觸及或逼近跌停價位 顯示賣方力道 天前華邦電 力積電暴跌快上車,0,2344,華邦電子,-6.4655172413793105
大戶砸盤華邦電 網笑 殺人還誅心yahoo股市 天前華邦電 南亞科 慘遭提款,0,2344,華邦電子,-6.4655172413793105
記憶體大廠 爆近萬量下殺逾 yahoo股市 ftnn新聞網 記者蕭廷芬 綜合報導台股今 日早盤受到美股上週五全面收黑影響 加權指數以 點開出 較前一交易日下跌 點 隨後賣壓持續擴大 天前 下一頁 竹北 新竹縣竹北市根據你的 ip 位址 瞭解詳情登入設定隱私權服務條款深色主題 關閉,0,2344,華邦電子,-6.4655172413793105
中信金以萬元奪得最高平均酬金 遙遙領先其他公司,1,2498,宏達電,5.045871559633017
全部新聞影片 圖片 地圖 書籍 搜尋工具 搜尋所有網站搜尋所有網站搜尋所有中文網頁搜尋繁體中文網頁近期近期 過去 小時 過去 小時 過去 週 過去 個月 過去 年封存依關聯性排序依關聯性排序按日期排序宏達電四路並進 力拚ai眼鏡銷售動能digitimes宏達電首款ai眼鏡vive eagle推出後 相關營運布局持續展開 除擴增銷售地區 拓展生態系與服務 增設通路合作夥伴之外 宏達電也續透過提升ai,1,2498,宏達電,5.045871559633017
天前續攻虛擬實境商機宏達電發表vive eagle全效鏡片款 產業工商時報宏達電 htc 續攻虛擬實境平台與生態系統 日宣布 隨著ai 穿戴應用逐步走向日常化 htc 持續深化產品組合 限量推出以極致清晰的室內透光視野 極速變色 天前家公司虧錢 董事酬金不減反增 宏達電 友達上榜yahoo股市依據臺灣證券交易所與櫃買中心的統計 年上市櫃公司虧損 但董事們的酬金卻增加 上市公司由宏達電 友達各以 萬,1,2498,宏達電,5.045871559633017
新款產品以極致清晰的室內 天前 下一頁 竹北 新竹縣竹北市根據你的 ip 位址 瞭解詳情登入設定隱私權服務條款深色主題 關閉,1,2498,宏達電,5.045871559633017
宏達電 友達成 肥貓榜 雙冠王數位時代在年關前夕 證交所公布年上市公司董監酬金支出情況,1,2498,宏達電,5.045871559633017
宏達電 google 搜尋 如果系統沒有在數秒鐘後將您重新導向 請按一下這裡,1,2498,宏達電,5.045871559633017
htc幾退出手機舞台自由財經記者王憶紅 專題報導 年月日宏達電 發表全球第一款觸控式手機htc touch 而蘋果首款觸控式手機iphone也在當年月日發表 當年市場還在 天前 通網股 ai穿戴走向日常宏達電vive eagle導入全效變色鏡片 上市櫃旺得富理財網 時報記者王逸芯台北報導 隨著ai穿戴裝置逐步走向日常應用 宏達電 持續擴充旗下智慧眼鏡產品線 宣布限量推出 vive eagle全效變,1,2498,宏達電,5.045871559633017
在購地策略上 興富發將緊貼政策與重大建設 個月前興富發法說會 房市漸回暖 未來年迎交屋高峰 年年完工量逾億元經濟日報興富發法說會 房市漸回暖未來年迎交屋高峰 年年完工量逾億元 興富發 日召開法說會 興富發副總經理暨發言人廖昭雄表示 月房市買氣有好轉 個月前podcast ep 營建股最壞情況已過 興富發 即將否極泰來,1,2542,興富發,1.8791946308724907
全部新聞圖片影片 地圖 書籍 搜尋工具 搜尋所有網站搜尋所有網站搜尋所有中文網頁搜尋繁體中文網頁近期近期 過去 小時 過去 小時 過去 週 過去 個月 過去 年封存依關聯性排序依關聯性排序按日期排序預售屋契約違規建商曝光,1,2542,興富發,1.8791946308724907
廖昭雄表示 未來三年將迎交屋高峰 每年完工量均超過億元 此外 明年將 個月前興富發重啟購地 房市小陽春現蹤,1,2542,興富發,1.8791946308724907
首先檢視 陳重銘 不敗存股術app 法人系統 預估興富發 年eps 雖然 個月前前季獲利衰退 興富發 調整購地策略 跟著政策走 ettoday房產雲前季獲利衰退興富發 調整購地策略 跟著政策走 興富發 今 日 舉行法說會 該公司雖然前季營收僅 億元 但 月迎來交屋潮 並積極辦理交 個月前興富發 全年完工量拚億工商時報興富發第四季進入業績衝刺期 至於年 推估大概會有億元的完工量 年也維持在億元水準 ,1,2542,興富發,1.8791946308724907
展望興富發 未來營運 預估 年有總銷約 億元的新建案完工 且 年更可翻倍成長達 億元以上,1,2542,興富發,1.8791946308724907
看好興富發 週前興富發看好房市不再悲觀,1,2542,興富發,1.8791946308724907
累計 個月前 下一頁 竹北 新竹縣竹北市根據你的 ip 位址 瞭解詳情登入設定隱私權服務條款深色主題 關閉,1,2542,興富發,1.8791946308724907
明年推案逾千億元 交屋高峰三年可期yahoo股市興富發今年已完成個新屋案 兩案 完銷 五案銷售率達八成以上 總銷 億元,1,2542,興富發,1.8791946308724907
櫻花 興富發都上榜 消保處授招自保地產天下不少購屋族選擇預售屋降低購屋負擔 但預售屋看不到實品 契約內容更應重視 為保障消費者購屋權益 行政院消費者保護處檢視建商對於 預售屋買賣定型化 小時前興富發將持續購地 對明年房市沒有 再悲觀 看法中央社 cna至於未來營運策略 因興富發先前法說會曾表示將停止購地 廖昭雄說 隨著政策些微鬆綁 興富發仍會持續關注售地市場 不會停止購地 這也是為了未來至年的發展,1,2542,興富發,1.8791946308724907
新聞推案方面 興富發明年將推出大新案 其中案為商辦 總銷金額達 億元 分布於台北 桃園 台中 高雄等地,1,2542,興富發,1.8791946308724907
興富發 google 搜尋 如果系統沒有在數秒鐘後將您重新導向 請按一下這裡,1,2542,興富發,1.8791946308724907
雖然部份建案可能有遞延至 年才認列的風險 但排除相關建案後仍可比 facebook 個月前萬泰科 切入 ai 伺服器 低軌道衛星 獲利將創歷史新高 不敗教主陳重銘cmoney投資網誌在我的存股清單中 興富發 已經跌到相對便宜 今天再幫大家更新內容,1,2542,興富發,1.8791946308724907
為避免往年急診塞爆 健保署今年砸下億元重金 首度實施除夕至初三診察費翻倍獎勵,1,2603,長榮,2.4456521739130435
據台中市衛生局統計 小時前 長榮 成交量這樣差 但是籌碼非常安定 cmoney 股市爆料同學會cmoney多億的股本 千多張的成交量 換句話說 籌碼非常安定 大股東和投信及外資都沒有殺出的慾望 賣單看起來都是散戶 低檔吸籌 如果目標真的要站上 當然是先 分鐘前航空業歐洲線戰局升溫星宇月日首航布拉格華航 長榮航也加碼布局 產業綜合 產經聯合新聞網航空業歐洲線戰局升溫 星宇 將首度飛進歐洲 根據布拉格,1,2603,長榮,2.4456521739130435
tnl the news lens 關鍵評論網本文件檢視年台灣航空業,1,2603,長榮,2.4456521739130435
華航 長榮憑藉穩健財務與客貨運佈局維持獲利,1,2603,長榮,2.4456521739130435
長榮 google 搜尋 如果系統沒有在數秒鐘後將您重新導向 請按一下這裡,1,2603,長榮,2.4456521739130435
長榮中學閃耀全國發明展 府城唯一獲獎學校蕃新聞 創新聞記者陳聖璋 台南報導 台南市私立長榮高級中學在 ieyi 世界青少年發明展台灣選 分鐘前長榮空服員抱病服勤離世 座艙長記大過 拔管理職 生活中央社 cna長榮名空服員抱病服勤返台後離世 長榮航空以座艙長未即時通報異常事件等 予記大過及拔管理職,1,2603,長榮,2.4456521739130435
全部新聞影片圖片 地圖 書籍 搜尋工具 搜尋所有網站搜尋所有網站搜尋所有中文網頁搜尋繁體中文網頁近期近期 過去 小時 過去 小時 過去 週 過去 個月 過去 年封存依關聯性排序依關聯性排序按日期排序解析航空四雄戰略與隱憂 華航吃ai 長榮攻美 虎航穩賺 星宇靠什麼,1,2603,長榮,2.4456521739130435
相較之下 星宇雖營收高成長 然其擴張策略致財務承壓 凸顯健全財務結構於 小時前賠錢守歲看診成絕響 長榮診所鄭國揚醫師病逝 沒等到健保給付翻倍msn農曆春節天長假將至 台中市醫療量能進入備戰狀態,1,2603,長榮,2.4456521739130435
空服員工會則表示 座艙長疑似職場霸凌 長榮航空應公布 天前長榮航太q業績看旺 全年成長亦看好 新聞moneydj理財網moneydj新聞 劉莞青發佈 長榮航太 受惠無人機標案認列與維修 mro 業務成長挹注 去年第四季營收寫下新高 獲利表現同步看好 天前教部攜手華航 長榮 助力名青年海外圓夢新住民全球新聞網教育部青年署辦理 青年百億海外圓夢基金計畫 今年預計提供億元 送逾名青年出國 青年署也與華航,1,2603,長榮,2.4456521739130435
小時前棒球相關新聞華航贊助team taiwan包機 陪伴台灣選手前進日本wbc世界棒球經典賽經濟日報 天前前進日本wbc,1,2610,華航,3.1890660592255093
全部新聞圖片影片 地圖 書籍 搜尋工具 搜尋所有網站搜尋所有網站搜尋所有中文網頁搜尋繁體中文網頁近期近期 過去 小時 過去 小時 過去 週 過去 個月 過去 年封存依關聯性排序依關聯性排序按日期排序華航奪skyteam 永續航空燃油轉型影響獎 多項永續成果齊發中央社 cna中華航空於第屆天合聯盟skyteam 航空飛行挑戰 the aviation challenge tac 再獲肯定 憑藉首度於,1,2610,華航,3.1890660592255093
星宇航空 首航捷克布拉格 產業工商時報捷克布拉格機場今 日宣布 星宇航空 將於月日開通歐洲首個航點布拉格定期直飛航線 初期每週營運班 預計月起增至每週班 象徵星宇全球航網 小時前機艙變客廳,1,2610,華航,3.1890660592255093
華航力挺 贊助team taiwan包機 yahoo新聞 天前月瘋wbc 華航贊助team taiwan包機中央社 cna 天前華航 星宇 打響布拉格空戰yahoo股市國籍航空大戰歐陸天空 最新熱點是看好台積鏈加持的捷克布拉格航線客貨運雙好 中華航空自年率先獨飛 今年月日起將增班至每周三班 積極鞏固戰果 小時前華航贊助wbc中華隊包機 即起同步推日本航線折優惠ettoday新聞雲世界棒球經典賽月在,1,2610,華航,3.1890660592255093
網友搭華航爽嗑鹹酥雞 追bts 驚覺 太像家 嚇到掀熱議蕃新聞記者 李明真報導 出國搭飛機最怕長途航程枯燥乏味 但如果能在萬呎高空一邊吃著熱騰騰的台灣鹹酥雞 一邊看著偶像的演唱會 那會是什麼樣的體驗,1,2610,華航,3.1890660592255093
華航 google 搜尋 如果系統沒有在數秒鐘後將您重新導向 請按一下這裡,1,2610,華航,3.1890660592255093
為達成 小時前安大略國際機場相關新聞華航加州安大略線 旅客破百萬人次 圖 yahoo新聞 天前華航安大略線破百萬旅客 機場高層 亞洲重要門戶 國際中央社 cna 天前華航安大略航線人次破百萬 成亞洲往返重要門戶大紀元 天前跟華航搶客,1,2610,華航,3.1890660592255093
凡以新資金單筆存入新臺幣萬元以上 即可辦理 週前 遠東銀 向 新資金 招手遠銀推年期定存年息 cmoney 股市爆料同學會理財寶台股續創新高 但在當前不確定的金融環境下 仍有部分投資人有意將資金暫時停泊於高安全性的存款專案 遠東商銀延續年的多項優利存款專案 逆勢推出市場少見的年 週前 即時新聞 遠東銀最新宣布攜手新創alleypin推出nova聯名卡攻醫療支付cmoney投資網誌遠東商銀 持續拓展,1,2845,遠東銀,1.2195121951219396
遠東銀 google 搜尋 如果系統沒有在數秒鐘後將您重新導向 請按一下這裡,1,2845,遠東銀,1.2195121951219396
年月 個月前 遠東商銀 觀注日本選舉 日圓走勢疲弱鉅亨網 usd jpy 投資人持續消化美國總統川普提名瓦爾許擔任聯邦儲備理事會 fed 下任主席消息 市場預期瓦爾許不太可能推動快速降息 且緩解對fed 獨立性 小時前保費刷遠銀指定信用卡 單筆滿額最高回饋 卡優新聞網活動內容 保費單筆滿nt 含 以上 刷遠銀信用卡享保費期利率 須於當期結帳日 不含 前日登錄完成 限信用額度內,1,2845,遠東銀,1.2195121951219396
登錄成功並符合條件且於 週前向 新資金 招手 遠銀推年期定存年息 自由財經儘管近年全球金融市場已進入降息循環 遠東商銀即日起至年月日 提供市場少見的年期定存 年息達,1,2845,遠東銀,1.2195121951219396
周添財 個月前遠東銀經國樂富分行開幕 邀名師剖析家族傳承祕辛經濟日報遠東商銀持續將品牌核心 遠銀十樂 具象化 為提供客戶更優質 舒適的空間服務 遠東商銀經國樂富分行搬遷至新竹市北區東大路二 天前 金融股 遠東銀經國樂富分行喬遷開幕升級在地服務 上市櫃旺得富理財網 時報記者林資傑台北報導 遠東銀 持續具象化 遠銀十樂 品牌核心 為提供客戶更優質舒適的空間服務 將經國樂富分行搬遷至新竹市北區東大路二 ,1,2845,遠東銀,1.2195121951219396
為兼顧 個月前獨家 專業經理人出頭 礦工之子 將掌遠東銀董座新新聞獨家 專業經理人出頭 礦工之子 將掌遠東銀董座 也因如此 周添財的出線 對於遠東銀降低家族色彩 首見專業經理人掌舵 具有重要意義,1,2845,遠東銀,1.2195121951219396
全部新聞圖片影片 地圖 書籍 搜尋工具 搜尋所有網站搜尋所有網站搜尋所有中文網頁搜尋繁體中文網頁近期近期 過去 小時 過去 小時 過去 週 過去 個月 過去 年封存依關聯性排序依關聯性排序按日期排序遠東銀明年股利上看 元 股票 現金各半yahoo股市針對股東關切的股利政策 遠銀執行副總經理林建忠說明 首先 全年eps 力拚 元以上 希望維持每股配發 元水準 股利中約半數以股票股利發放,1,2845,遠東銀,1.2195121951219396
透過旗下bankee社群銀行推出企業卡 週前 下一頁 竹北 新竹縣竹北市根據你的 ip 位址 瞭解詳情登入設定隱私權服務條款深色主題 關閉,1,2845,遠東銀,1.2195121951219396
天前華南金站上所有均線 日報工商時報華南金控 月單月合併稅後純益為 億元 累計至月合併稅後純益為 億元 年增 億元或 每股稅後盈餘為 元 每股淨值為 天前公股四金二銀年合賺近億元,1,2880,華南金,1.2213740458015223
華南金 聯電被推爆 內行點名檔cp值超高 手慢無 ftnn新聞不少小資族 零股族在存股之餘 最期待的就是每年的 股東紀念品,1,2880,華南金,1.2213740458015223
華南金 google 搜尋 如果系統沒有在數秒鐘後將您重新導向 請按一下這裡,1,2880,華南金,1.2213740458015223
其中 兆豐金 以全年稅後盈餘 億元 蟬聯獲利王 華南金 週前群電 漲價危機已過 受惠 大產品線需求 前 季獲利遠超去年,1,2880,華南金,1.2213740458015223
華南金去年eps贏第一金 暌違年首見 陳怡慈 新聞storm mg中華職棒昔日簽賭 打假球風暴喧騰一時 涉及假球案入獄服刑的嘉義縣議員 雨刷 蔡政宜 後因涉及億元跨境洗錢案 被檢方起訴求處年重刑 檢調更在其 週前華南金獲利破億元 對公股併購採開放態度卡優新聞網華南金控今 日公布今 年前季營運績效 截至月底整體稅後淨利為 億元 年成長 每股稅後盈餘 eps 為 元 年化股東權益報酬率 roe 與年化,1,2880,華南金,1.2213740458015223
不敗教主陳重銘cmoney投資網誌 圖片來源 shutterstock 華南金 華南銀行 佔獲利 成以上 華南金成立於 年 是由華南銀行 永昌綜合證券以股權轉換方式設立 之後陸續併入華南產物 天前買股就送紀念品,1,2880,華南金,1.2213740458015223
網友點名 週前華南銀尾牙席開桌 董座陳芬蘭喊 腰痛 上台抽獎後閃離ettoday財經雲華南金 旗下子公司華南銀今 日舉行年度尾牙 席開多桌 傳出倦勤獲財政部力挽的華南金暨華南銀董事長陳芬蘭上台與員工同歡 不過她以 腰痛 週前哇塞,1,2880,華南金,1.2213740458015223
近日有網友在社群平台發問 哪些股票 零股 就能領到紀念品 引發熱烈討論,1,2880,華南金,1.2213740458015223
兆豐金蟬聯獲利王 華南金eps睽違年反超第一金yahoo股市公股四金二銀年獲利全數出爐 合計獲利 億元 年增 續創歷史新高,1,2880,華南金,1.2213740458015223
全部新聞圖片影片 地圖 書籍 搜尋工具 搜尋所有網站搜尋所有網站搜尋所有中文網頁搜尋繁體中文網頁近期近期 過去 小時 過去 小時 過去 週 過去 個月 過去 年封存依關聯性排序依關聯性排序按日期排序華南金 銀行強化高資產服務 amc攻北市都更台視全球資訊網moneydj新聞 數位內容中心發佈華南金 旗下華南銀行近期在專業人才與不動產投資兩端同步動作 展現資產管理與財富管理業務的 分鐘前今日最夯股 ,1,2880,華南金,1.2213740458015223
富邦金控董事長蔡明興半開玩笑表示 剛剛進場時感受到現場熱情應該是歷年之最 一度讓他覺得 週前富邦金鉅額成交張於 元漲停價 距離百元僅差 元工商時報臺灣證券交易所公布今 日鉅額交易個股成交統計 其中 最受關注的是富邦金 透過配對交易成交在 元 共成交張 總金額為萬元,1,2881,富邦金,2.43093922651934
富邦今天 天前富邦金內外並進守護資產 打造企業信任與防詐核心力ithome富邦金控資安長蘇清偉將二十六年警務實戰經驗 移植到強調法遵和監管的金融業 建立 一條鞭 式的治理模式與 白名單 策略 在無聲中 築起捍衛百萬客戶 天前蔡明興 富邦金年終獎金會優於去年 加薪估月出爐 產經中央社 cna 中央社記者呂晏慈台北日電 富邦金去年獲利新台幣 億元 連續第年蟬聯金控業每股盈餘獲利王,1,2881,富邦金,2.43093922651934
在即 上市櫃公司舉辦尾牙祭出大獎犒賞同仁 年終獎金 加薪等留才福利成熱門話題 市場傳出 最敢發 小時前 即時新聞 富邦金盤後驚見 元漲停價 外資逆勢買超逾千張cmoney投資網誌台股今日開局雖重挫點 金融龍頭富邦金 卻出現引人注目的盤後鉅額交易 一筆張的配對成交價格落在 元 不僅是今日現貨的漲停價 更逼近百元 天前金控去年股息衝 億 富邦 國泰 中信金每股可望配逾元 金融脈動 金融經濟日報經濟日報,1,2881,富邦金,2.43093922651934
富邦金 google 搜尋 如果系統沒有在數秒鐘後將您重新導向 請按一下這裡,1,2881,富邦金,2.43093922651934
富邦金控董事長蔡明興今天表示 大部分員工所領的年終 週前數位理財新升級富邦金子公司推新app與線上投保服務 財經newtalk新聞隨國人理財行為已逐步由實體通路轉向 以手機 電腦為核心 的數位使用情境 富邦金控 與旗下子公司以科技驅動金融服務升級 打造便捷數位理財體驗 天前 下一頁 竹北 新竹縣竹北市根據你的 ip 位址 瞭解詳情登入設定隱私權服務條款深色主題 關閉,1,2881,富邦金,2.43093922651934
全部新聞圖片影片 地圖 書籍 搜尋工具 搜尋所有網站搜尋所有網站搜尋所有中文網頁搜尋繁體中文網頁近期近期 過去 小時 過去 小時 過去 週 過去 個月 過去 年封存依關聯性排序依關聯性排序按日期排序富邦金上月只賺 億元原因出爐 去年每股獲利 元蟬聯年獲利王yahoo股市富邦金控 今 日公布年自結算 其中壽險子公司富邦人壽單月一次提存 獲利做為外匯價格變動準備金億元 上月轉盈為虧 金控單月只賺 週前,1,2881,富邦金,2.43093922651934
檔殖利率衝破 法人瘋傳存股名單曝光 中信金 玉山金填息力最勇 上市櫃旺得富理財網富邦金 日前公布全年度合併稅後淨利達 億元 成功達成金控獲利王連霸 每股獲利 eps 王同樣由富邦金以 元拿下 台新新光金 在 小時前蟬連年金控獲利王豪華謝年會登場 富邦金董座蔡明興承諾替員工加薪 看好台股後市續漲財訊富邦集團今 日舉辦謝年會 近 萬名員工齊聚南港展覽館,1,2881,富邦金,2.43093922651934
這銀行 要發個月 富邦金董座保證 優於去年東森電視台股日封關 迎接金馬年休市天 日開紅盤,1,2881,富邦金,2.43093922651934
聯發科 google 搜尋 如果系統沒有在數秒鐘後將您重新導向 請按一下這裡,1,2454,聯發科,5.571847507331378
儘管部分終端需求仍受成本與景氣循環干擾 但ai 資料中心 車用電子 小時前 下一頁 竹北 新竹縣竹北市根據你的 ip 位址 瞭解詳情登入設定隱私權服務條款深色主題 關閉,1,2454,聯發科,5.571847507331378
蔡力行嘆很艱難 預期q營收明顯下滑 魏鑫陽 新聞storm mg 小時前成本上揚衝擊首季手機營收聯發科 asic接棒成長 上市櫃旺得富理財網 小時前誰吃下ai大餅,1,2454,聯發科,5.571847507331378
聯發科蔡力行說重話了yahoo新聞 小時前聯發科asic今年營收拚衝億美元 日報工商時報 小時前法人調高聯發科目標價卻建議進場時機稍緩 原來是這原因經濟日報 小時前聯發科去年q雙率雙減 每股賺 元 全年eps達 元ettoday財經雲 小時前焦點股 聯發科 ai asic展望佳 外資全面上修目標價自由財經 小時前聯發科蹲低後跳高 去年q獲利探低 今年 低基期紅利 點燃 ai 爆發火種理財周刊 小時,1,2454,聯發科,5.571847507331378
全部新聞影片 圖片 地圖 書籍 搜尋工具 搜尋所有網站搜尋所有網站搜尋所有中文網頁搜尋繁體中文網頁近期近期 過去 小時 過去 小時 過去 週 過去 個月 過去 年封存依關聯性排序依關聯性排序按日期排序焦點新聞聯發科法說 手機市場變天警訊響起,1,2454,聯發科,5.571847507331378
法人點名聯發科與台積電買進一次看 財經newtalk新聞全球科技產業持續受到ai 高效能運算與地緣政治影響的背景下 產業結構正加速轉型,1,2454,聯發科,5.571847507331378
基本面有月營收增長支持 投信持續買超,1,2313,華通,11.627906976744185
全部新聞圖片影片 地圖 書籍 搜尋工具 搜尋所有網站搜尋所有網站搜尋所有中文網頁搜尋繁體中文網頁近期近期 過去 小時 過去 小時 過去 週 過去 個月 過去 年封存依關聯性排序依關聯性排序按日期排序 即時新聞 華通 今日爆量走高,1,2313,華通,11.627906976744185
華通 google 搜尋 如果系統沒有在數秒鐘後將您重新導向 請按一下這裡,1,2313,華通,11.627906976744185
法人和內資積極買盤助推股價 市場對其年營運前景看好 天前低軌衛星急墜,1,2313,華通,11.627906976744185
燿華爆萬張大量翻黑 華通也挫半根 分析師曝介入點yahoo股市低軌衛星概念股近期持續噴出 不過今 日pcb族群中相關概念股燿華 華通 敬鵬 等個股紛紛震盪 燿華開盤半小時爆出萬張大量於平盤 小時前衛星相關新聞低軌衛星夯華通 啟碁飛天 日報工商時報 天前spacex太空商機暴增倍昇達科 華通 台光電 被嗶又被關重量級法人目標價eps一表看 上市櫃旺得富理財網 分鐘前低軌衛星全面暴衝,1,2313,華通,11.627906976744185
cover image of news article 真金不怕火煉 台積電 創意 世芯 ky 華邦電 華通 世界先進 圖 shutterstock 天前台股暴力v彈點分析師點看創意 昇達科 華通 檔強勢股次掌握 上市櫃旺得富理財網台股今 日暴力v彈 早盤大漲點至萬點 一舉收復萬 分析師指出 大盤 緩漲急跌 的多頭慣性未變 除點名創意 昇達科 華 天前台股重挫點失守k 華通 昇達科 啟碁等低軌衛星,1,2313,華通,11.627906976744185
華通當沖比近成 啟碁飆 一個月翻倍 檔注意股全曝光ftnn 新聞網記者莊蕙如 綜合報導台股日終場加權指數上漲 點 收在 點 漲幅,1,2313,華通,11.627906976744185
cmoney投資網誌 小時前低軌衛星股熱到被盯上,1,2313,華通,11.627906976744185
股價勁揚收 元名列強勢股cmoney投資網誌華通 股價今日強勢上揚 收在 元 受益於台股大盤反彈及ai換機潮的長線趨勢,1,2313,華通,11.627906976744185
spacex創辦人馬斯克宣布 未來將結合ai 火箭技術 小時前 即時新聞 華通強勢攻佔成交與金額雙榜前十 低軌衛星題材今日發酵cmoney投資網誌台股在低軌衛星族群帶動下 華通交易量和金額皆入前十 顯示其市場高人氣,1,2313,華通,11.627906976744185
昇達科一度觸頂華通強漲攜手 檔 攻漲停 唯這 網通廠 營收慘淡大跌 yahoo股市 小時前 真金不怕火煉 台積電 創意 世芯 ky 華邦電 華通 世界先進鉅亨網短線恐慌性下殺 要擔心害怕嗎,1,2313,華通,11.627906976744185
證交所公布檔注意股 低軌衛星大廠華通 則因日之最近六個營業 小時前 下一頁 竹北 新竹縣竹北市根據你的 ip 位址 瞭解詳情登入設定隱私權服務條款深色主題 關閉,1,2313,華通,11.627906976744185
國內法人指出 去年第四季歐美線 天前萬海法說報喜,1,2615,萬海,2.0408163265306123
今天繼續只進不出 收了張船票 大戲會在過年後 就這樣 加油,1,2615,萬海,2.0408163265306123
小時前 下一頁 竹北 新竹縣竹北市根據你的 ip 位址 瞭解詳情登入設定隱私權服務條款深色主題 關閉,1,2615,萬海,2.0408163265306123
總經理謝福隆表示 預期今年各航線貨量皆可望成長 天前 萬海 開始上樓梯的萬海 cmoney 股市爆料同學會理財寶這波下跌以來 低點 強勢守住前一波低點 這一波觀察是否先打到,1,2615,萬海,2.0408163265306123
美國線最樂觀 合約價續漲 總座喊 今年一定比去年好yahoo股市 ftnn新聞網 記者黃詩雯 綜合報導萬海航運今 日舉行年度媒體交流會 釋出年營運正向訊號,1,2615,萬海,2.0408163265306123
萬海 google 搜尋 如果系統沒有在數秒鐘後將您重新導向 請按一下這裡,1,2615,萬海,2.0408163265306123
隨著美國關稅政策影響逐步鈍化 加上美國月將舉行總統大選 天前 萬海 昨天就有發現永豐金 匯立帳號只進不出 收了百多張船票,1,2615,萬海,2.0408163265306123
週月技術面越來越漂亮了 目前分線還需整理,1,2615,萬海,2.0408163265306123
全部新聞圖片影片 地圖 書籍 搜尋工具 搜尋所有網站搜尋所有網站搜尋所有中文網頁搜尋繁體中文網頁近期近期 過去 小時 過去 小時 過去 週 過去 個月 過去 年封存依關聯性排序依關聯性排序按日期排序one上季虧萬美元 萬海同期因亞洲線旺季獲利估逾億美元ettoday財經雲日本海洋網聯船務 one 上周五 日 公佈財年第三財報 年月日至月日 即自然年第四季 虧損萬美元,1,2615,萬海,2.0408163265306123
圖 萬海提供 萬海航運持續擴大船隊 於一月三十日上午在上海外高橋造船公司舉行 wan hai 爾春輪 命名典禮 天前萬海看美國線回暖 年貨量與運價仍有撐ettoday財經雲萬海航運 總經理謝福隆今日表示 對年美國線營運展望抱持審慎樂觀看法,1,2615,萬海,2.0408163265306123
今天 cmoney 股市爆料同學會cmoney昨天就有發現永豐金 匯立帳號只進不出 收了百多張船票,1,2615,萬海,2.0408163265306123
遠見雜誌儘管如此 全球航運仍面臨結構性運力過剩與需求增速緩慢的挑戰 貨櫃三雄 長榮 陽明與萬海對年持審慎樂觀態度 期待季節性動能支撐運價 但全年能否 週前萬海航運teu新造船爾春輪命名 暨公益捐贈yahoo新聞 wan hai 爾春輪 命名典禮,1,2615,萬海,2.0408163265306123
命名典禮邀請浙江恆碩實業有限 天前長榮 陽明 萬海年營收疲軟 終於盼到scfi回溫 年市況能跟著回春,1,2615,萬海,2.0408163265306123
小時前萬海 深化亞洲布局今年再添艘新船 產經中央社 cna展望年海運市場 萬海總經理謝福隆表示 將投資高雄及日本橫濱與大阪專用碼頭 深化亞洲布局 審慎經營中遠洋市場 今年將接收艘新造船舶 至 天前萬海 今年貨櫃輪比去年旺 月受惠回教開齋節 農曆年結束經濟日報萬海航運總經理謝福隆昨 日表示 月貨櫃輪市場需求轉淡 月受惠於回教開齋節 eid al fitr 跟華人農曆年 天前萬海航運舉行 teu新造船,1,2615,萬海,2.0408163265306123
友達 google 搜尋 如果系統沒有在數秒鐘後將您重新導向 請按一下這裡,1,2409,友達,13.483146067415735
曾經受制於景氣循環的 面板雙虎 友達 與群創 已正式脫胎換骨 憑藉尖端封裝與通訊技術 小時前經濟部拍板前瞻研發案 友達啟動低軌衛星天線布局technews 科技新報經濟部產業技術司於 月 日召開 a 企業創新研發淬鍊計畫 第 次決審會議 正式通過友達光電三項產業關鍵應用研發案,1,2409,友達,13.483146067415735
載板三雄 這檔 沒那麼看好 今再被重砍逾萬張yahoo股市 小時前外資買超億元大買群創 萬張成單日成交王 調節友達 彩晶鉅亨網 小時前面板股價差交易湧現 友達 群創雙爆逾萬張大量漲跌不同調ettoday財經雲面板雙虎挾著lcd技術切入低軌道衛星陣列天線模組領域 加上股價低檔 流動性佳成為外資套利 散戶當沖好標的 今 日群創 友達 雙雙爆出 分鐘前 即時新聞 友達 盤中強勢漲近 低軌衛星題材爆量吸睛,1,2409,友達,13.483146067415735
全部新聞圖片 地圖 影片 書籍 搜尋工具 搜尋所有網站搜尋所有網站搜尋所有中文網頁搜尋繁體中文網頁近期近期 過去 小時 過去 小時 過去 週 過去 個月 過去 年封存依關聯性排序依關聯性排序按日期排序快訊 友達入低軌衛星產業 經濟部證實了,1,2409,友達,13.483146067415735
這次通過的計畫涵蓋衛星 天前 下一頁 竹北 新竹縣竹北市根據你的 ip 位址 瞭解詳情登入設定隱私權服務條款深色主題 關閉,1,2409,友達,13.483146067415735
法說前外資有動作了大搶 這檔 面板 萬張 上市櫃旺得富理財網 小時前台積電 友達 南亞科全淪外資提款機,1,2409,友達,13.483146067415735
分鐘前熱門股 切入低軌衛星 友達漲停暖身法說自由財經面板廠友達 受惠低軌衛星新題材發酵 加上面板報價觸底回升 吸引主力與法人進場回補 昨股價開盤不久即亮燈鎖住漲停 來到 元 成交量逾萬張 小時前友達車用 非顯示器業務齊發 續優化產品組合台視全球資訊網moneydj新聞 數位內容中心發佈友達 持續推動轉型 非顯示器業務比重攀升並成為今年營運關鍵,1,2409,友達,13.483146067415735
友達搶進低軌衛星 股價亮燈漲停東森電視經濟部產業技術司日表示 a 企業創新研發淬鍊計畫 第次決審會議通過友達光電股份有限公司 超象科技股份有限公司及映智科技股份有限公司等項研發 天前面板雙虎不是喵 友達 群創驚艷轉戰低軌衛星供應鏈理財周刊年月 台灣科技產業迎來了歷史性的轉折點,1,2409,友達,13.483146067415735
技術面量能爆發 操作宜留意追高風險 公司積極佈局新成長動能,1,2409,友達,13.483146067415735
yahoo新聞經濟部產業技術司a 計畫日前通過友達光電 超象科技及映智科技三項前瞻研發案 總體目標強化臺灣新興科技與高安全應用領域競爭力,1,2409,友達,13.483146067415735
友達衛星研發點火 攜手群創量價噴出經濟日報台股日大洗三溫暖 指數盤初一度跌破萬千點 隨後急拉翻紅 盤中高低震盪逾點 資金快速轉向具題材與基本面支撐族群 小時前經濟部助攻,1,2409,友達,13.483146067415735
友達光電將開發全球 天前股票市場相關新聞友達強鎖漲停還能追,1,2409,友達,13.483146067415735
公司透過子公司達擎擴展vertical 天前面板不再只是面板,1,2409,友達,13.483146067415735
估賺股本 本益比不到 大成熟製程廠比一比 上市櫃旺得富理財網專業晶圓代工廠世界先進 昨 舉行法說會 沒想到法說變法會 今開盤遭打入跌停 高盛將世界評等下調至 賣出 永豐 瑞穗 mizuho 元大 野村 天前力積電亮燈漲停鎖死 記憶體回溫帶動 後市緊盯賣廠與美光合作進度經濟日報晶圓代工廠力積電 日盤中火力全開 股價一路拉高後亮燈漲停並鎖死在 元 上漲 元 成交量放大至約 小時前力積電攻高毛利產品 同,1,6770,力積電,4.792332268370596
天前 即時新聞 力積電 盤中急漲 外資強力回補 ai高頻寬記憶體題材加持 短線人氣爆棚cmoney投資網誌力積電 盤中急漲 外資強力回補 ai高頻寬記憶體題材加持 技術面多頭排列 短線人氣爆棚,1,6770,力積電,4.792332268370596
公司積極佈局ai記憶體 營運結構正向調整 值得持續關注,1,6770,力積電,4.792332268370596
億元教授押身家買進 股價上看元 為何不買台積電理由曝光 這檔抱股過年賺翻倍 今周刊台股記憶體族群在周一 慘遭美股拖累 市場哀鴻遍野 華邦電 南亞科 群聯 力積電 紛紛重摔跌停 淪為台股重災區,1,6770,力積電,4.792332268370596
力積電 google 搜尋 如果系統沒有在數秒鐘後將您重新導向 請按一下這裡,1,6770,力積電,4.792332268370596
據證交所盤後公布 小時前力積電跌停沒在怕,1,6770,力積電,4.792332268370596
三大法人砸億狂掃pcb 巨頭 再擲億元搶力積電 旺宏萬張yahoo股市 ftnn新聞網 記者張書翰 綜合報導台股加權指數今 日開平走高 終場上漲 點 以 點作收 漲幅 成交金額 億元,1,6770,力積電,4.792332268370596
力積電 旺宏進榜 這檔出手就敲 萬張爆量攻頂自由財經財經頻道 綜合報導 台股週三 日 在面板 載板 記憶體滿血復活 指數開低走高 收漲點 外資繼昨買超 億元 今再買超 億元 而銀彈撒向電子 小時前 下一頁 竹北 新竹縣竹北市根據你的 ip 位址 瞭解詳情登入設定隱私權服務條款深色主題 關閉,1,6770,力積電,4.792332268370596
全部新聞影片圖片 地圖 書籍 搜尋工具 搜尋所有網站搜尋所有網站搜尋所有中文網頁搜尋繁體中文網頁近期近期 過去 小時 過去 小時 過去 週 過去 個月 過去 年封存依關聯性排序依關聯性排序按日期排序表看 買世界不如買力積電,1,6770,力積電,4.792332268370596
力積電漲停 四檔etf配息率破 ctwantline today台股日收在 點 漲 點 漲幅 成交額 億元 台積電收在 元 跌 元 群創 力積電 友達 燿華等漲停 記憶體概念股回神 小時前個股 力積電 召開年第四季法人說明會富聯網公告本公司召開年第四季法人說明會 符合條款第四條第xx款 事實發生日 召開法人說明會之日期 小時前大摩喊長鑫存儲已不再生產任何ddr 力積電等記憶體族群多頭仍在 證券工商,1,6770,力積電,4.792332268370596
heritage groove klipsch 藍芽 個月前南紡初一開賣馬年福袋 宏匯星光樂園小孩樂翻卡優新聞網萬按摩椅輕鬆帶回家誠品南西小時辦年貨 各大百貨力推新春好康 讓大小朋友開心過年,1,1440,南紡,2.631578947368418
圖 南紡購物中心提供 視傳媒記者蔡清欽 台南報導 週前 下一頁 竹北 新竹縣竹北市根據你的 ip 位址 瞭解詳情登入設定隱私權服務條款深色主題 關閉,1,1440,南紡,2.631578947368418
南紡店誠品好物市集迷誠品台南唯一,1,1440,南紡,2.631578947368418
台南僅此一場 南紡誠品好物市集限時開市中,1,1440,南紡,2.631578947368418
南紡開賣馬年福袋 幸運兒有機會抽中osim 感養身椅或不限航點 週前紡纖中游廠 今年前景俏中時新聞網紡纖中游廠透過積極調整產品結構 減量經營規格化紡品 以及精實高值化 創新產品的生產策略 包括福懋 南紡 力麗 集盛 均 天前南紡購物限量馬年福袋年初一開賣,1,1440,南紡,2.631578947368418
南紡店誠品好物市集 台南唯一 限時開市,1,1440,南紡,2.631578947368418
遠東集團在台南兩大百貨賣場 成功店 天前 超動漫研究社 快閃店 月 日起於台南南紡購物中心登場gnn 新聞網由木棉花策劃的期間限定動漫快閃店 超動漫研究社 將於 月 日至 月 日在台南南紡購物中心a 館f 夢想舞台登場 本次快閃店集結多部作品 透過大型造 週前南紡購物中心櫃哥侵占客戶款項萬餘元 法院判刑月聯合新聞網王姓男子過去任職於上市公司喬山健康科技股份有限公司位於南紡購物中心的專櫃人員 他在個,1,1440,南紡,2.631578947368418
頭獎值近萬元自由時報馬年福袋從今年月日上午點起銷售 售完為止 南紡購物中心當天於a館f廣場販售份福袋 民眾持會員紡卡funcard並以現金元購買 即可獲得福袋憑證 週前南紡春節福袋 最大獎近廿九萬元中華新聞雲今年初一限量開賣二百六十八份 馬上奔騰福運入袋 新年福袋 每份售價一千元 人人都有獎,1,1440,南紡,2.631578947368418
最大獎為市值近廿九萬元的按摩椅 還有機票 手機 遊戲主機等 週前南紡董事長侯博明 邁百年企業要跨更大格局 日報工商時報企業發展要一棒接一棒的傳遞 南紡在年從紡織跨足購物中心 進入完全不同的領域 集團步步為營但也審慎樂觀 因為侯博明認為 快樂的泉源不可無 生活的 個月前南紡馬年福袋頭獎近萬元 動漫展 貓小姐ms cat特展 屋台祭熱鬧迎春視傳媒迎接農曆馬年 南紡購物中心於大年初一 月日 開賣限量份 ,1,1440,南紡,2.631578947368418
南紡 google 搜尋 如果系統沒有在數秒鐘後將您重新導向 請按一下這裡,1,1440,南紡,2.631578947368418
全部地圖新聞圖片 影片 書籍 搜尋工具 搜尋所有網站搜尋所有網站搜尋所有中文網頁搜尋繁體中文網頁近期近期 過去 小時 過去 小時 過去 週 過去 個月 過去 年封存依關聯性排序依關聯性排序按日期排序南紡夢時代免費接駁車 便民yahoo如今 全市將僅存造型可愛的南紡夢時代購物中心的dream bus 每日免費接駁消費者 從台南後火車站至南紡夢時代之間往返,1,1440,南紡,2.631578947368418
長榮航去年營收億元寫史上第二高 長榮航空 今 日公布月合併營收達 億元 寫下歷史單月新高 累計年合併營收達 週前 新聞稿 長榮航勤基層員工 請法院還公道 解散長勤工會公民行動影音紀錄資料庫文 長榮航勤基層員工 長榮航空企業工會 桃園市產業總工會 台灣機場地勤產業工會 訴求 期盼桃園地方法院能支持桃園市政府的聲請 同意解散長勤 週前 下一頁 竹北 新竹縣竹北市根據你的 ip 位址 瞭解詳情登入設定隱,1,2618,長榮航,2.3999999999999964
分析師許博傑近期特別挑選檔與年線乖離幅度較大的個股 這些股票幾乎沒有ai 天前華航 長榮航太權證熱 日報工商時報華航 長榮航太熱門權證迎接寒假旅遊旺季 華航 等航空與旅遊股年來持續受市場關注 此外 長榮航太 等軍工航太股在日獲得買盤挺進逆勢 天前月飆新高,1,2618,長榮航,2.3999999999999964
長榮航質變 高息股 的大數據真相tvbs新聞網永誠投顧分析師陳威良 引用數據佐證台灣的特殊性,1,2618,長榮航,2.3999999999999964
長榮航 google 搜尋 如果系統沒有在數秒鐘後將您重新導向 請按一下這裡,1,2618,長榮航,2.3999999999999964
長榮航去年營收億元寫史上第二高yahoo股市月飆新高,1,2618,長榮航,2.3999999999999964
雖然iata 預估 年全球航空貨運可能因貿易保護而量增價跌 但台灣受惠於ai 電子產品與高端製造的強勁 週前鈊象 聯詠 長榮航 老手點名檔 蒙塵珍珠股 它去年估賺股本 本益比倍布局點也說了 上市櫃旺得富理財網市場資金高度集中在ai題材 使得不少基本面不差的個股被擠到 右下角,1,2618,長榮航,2.3999999999999964
全部新聞圖片影片 地圖 書籍 搜尋工具 搜尋所有網站搜尋所有網站搜尋所有中文網頁搜尋繁體中文網頁近期近期 過去 小時 過去 小時 過去 週 過去 個月 過去 年封存依關聯性排序依關聯性排序按日期排序航空業歐洲線戰局升溫星宇月日首航布拉格華航 長榮航也加碼布局 產業綜合 產經聯合新聞網航空業歐洲線戰局升溫 星宇 將首度飛進歐洲 根據布拉格機場訊息 星宇將於月日首航桃園 布拉格 規劃每周三班 華航則預,1,2618,長榮航,2.3999999999999964
cmoney投資網誌 天前 長榮航 長榮航 盤後解析 震盪整理 籌碼主多偏向今 cmoney 股市爆料同學會理財寶長榮航今日股價收在 元 上漲 元 漲幅 成交量為 張 較前日 多張顯著縮小 顯示市場追價意願略減 但成交動能仍維穩 資金流向並未 天前分析 外資本週狂掃逾七萬張,1,2618,長榮航,2.3999999999999964
雲端 大型半導體 記憶體儲存齊攜盤創新高 cmoney 研究員cmoney投資網誌 天前面板股價差交易湧現 友達 群創雙爆逾萬張大量漲跌不同調ettoday財經雲面板雙虎挾著lcd技術切入低軌道衛星陣列天線模組領域 加上股價低檔 流動性佳成為外資套利 散戶當沖好標的 今 日群創 友達 雙雙爆出 分鐘前面板不再只是面板,1,3481,群創,8.747044917257691
分析師揭 關鍵防線 群創 力積電 檔強勢股曝光 上市櫃旺得富理財網受到美股漲勢放緩影響 台股上周五開低走低市場高檔賣壓湧現 加權指數最終重挫點 累計單周漲幅,1,3481,群創,8.747044917257691
群創 google 搜尋 如果系統沒有在數秒鐘後將您重新導向 請按一下這裡,1,3481,群創,8.747044917257691
全部新聞圖片影片 地圖 書籍 搜尋工具 搜尋所有網站搜尋所有網站搜尋所有中文網頁搜尋繁體中文網頁近期近期 過去 小時 過去 小時 過去 週 過去 個月 過去 年封存依關聯性排序依關聯性排序按日期排序外人直接投資相關新聞外資買超億元大買群創 萬張成單日成交王 調節友達 彩晶鉅亨網 小時前 follow 法人 外資今回頭狂掃萬張群創 反手調節近萬張台積電yahoo股市 小時前外資回補億,1,3481,群創,8.747044917257691
加權指數開盤為 點 開盤後一度下探至 點 截 天前面板族群下周法說 定調h景氣工商時報友達近六個季度營收獲利面板供應鏈法說下周登場 友達 中光電法說日舉行法說會 將為今年上半年面板景氣定調,1,3481,群創,8.747044917257691
友達去年前三季稅後純益約億元 小時前群創友達亮燈漲停,1,3481,群創,8.747044917257691
群創 受到低軌衛星題材的帶動 股價在月日亮燈漲停,1,3481,群創,8.747044917257691
登成交量冠亞軍合計萬張買單高掛 分析師看法出爐yahoo股市面板雙虎群創 友達 搭上太空題材順風車 今 日股價表現搶眼 一早即亮燈漲停 成交量分別位居台股冠亞軍,1,3481,群創,8.747044917257691
面板三雄 操作不同調 大買群創ettoday財經雲 小時前群創光電相關新聞面板雙虎不是喵 友達 群創驚艷轉戰低軌衛星供應鏈理財周刊 小時前群創斜槓封裝夯 手握四百億現金 洪進揚揭群創活化資產新佈局鏡週刊mirror media 天前ai引爆美股科技超級週,1,3481,群創,8.747044917257691
不少低軌衛星概念股在spacex收購xa 小時前連天千億天量下殺丙種資金結算潮來了,1,3481,群創,8.747044917257691
面板與pcb股強攻吸睛 群創 燿華漲勢亮眼 下班經濟學 財經storm mg台北股市今日 年月日 開盤呈現震盪走勢,1,3481,群創,8.747044917257691
加權指數開盤為 點 開盤後一度下探至 點 截至 大盤指數來到 點 天前 下一頁 竹北 新竹縣竹北市根據你的 ip 位址 瞭解詳情登入設定隱私權服務條款深色主題 關閉,1,3481,群創,8.747044917257691
面板與pcb股強攻吸睛 群創 燿華漲勢亮眼 風傳媒line today台北股市今日 年月日 開盤呈現震盪走勢,1,3481,群創,8.747044917257691
法人指出台股在連續日放量下殺後 天前早盤快訊 台積電下跌 拉回大盤,1,3481,群創,8.747044917257691
截至上午時分 群創鎖死在 天前早盤快訊 台積電下跌 拉回大盤,1,3481,群創,8.747044917257691
友達衛星研發點火 攜手群創量價噴出經濟日報台股日大洗三溫暖 指數盤初一度跌破萬千點 隨後急拉翻紅 盤中高低震盪逾點 資金快速轉向具題材與基本面支撐族群 小時前 群創 面板股群創飆升太空 cmoney 股市爆料同學會cmoney心得 群創是這次的黑馬嗎,1,3481,群創,8.747044917257691
雖公司看好今年產用率挑戰 但法人提醒 天前聯電adr日上漲 美元漲幅 折台股 元pchome online 新聞聯電在nyse掛牌adr以 美元作收 上漲 美元 漲幅,1,2303,聯電,1.8121911037891174
聯合新聞網 小時前聯電q晶圓需求穩健 奈米成長加速台視全球資訊網 小時前聯電 法說會後慘跌停,1,2303,聯電,1.8121911037891174
杜金龍開示大熱門股這樣操作 證券工商時報台股在站上萬千大關後震盪加劇 資金輪動速度明顯加快,1,2303,聯電,1.8121911037891174
聯電 google 搜尋 如果系統沒有在數秒鐘後將您重新導向 請按一下這裡,1,2303,聯電,1.8121911037891174
股市老先覺 資深分析師杜金龍針對近期投資人高度關注的檔熱門股 台達電 與聯電 小時前今周刊相關新聞聯電周漲 又跌 市值蒸發億啟示 當漲價紅利消失 該如何迎戰消費寒冬,1,2303,聯電,1.8121911037891174
專家曝最佳佈局點 這時間才是賣壓最高峰storm mg 天前法說後失望賣壓湧現,1,2303,聯電,1.8121911037891174
受到軟體股恐慌性拋售 地緣政治緊張升溫以及美債 天前成熟製程拉警報,1,2303,聯電,1.8121911037891174
曹對謝寒冰提告個資法及散布不實性影像性影像罪嫌 案經台北地檢署調查後認為 天前聯電股價元太委屈,1,2303,聯電,1.8121911037891174
解析聯電 字頭是否被低估 長線 分鐘前聯發科 聯電等半導體軍團力抗農曆年節前賣壓外資喊價幫多頭打強心針 日報工商時報台股多頭列車啟程以來 外資研究機構猛催油門 年起動作更加積極 大舉調升重要半導體股目標價 在里昂高喊權王台積電元 瑞銀給出股王信驊 天前 台北股市 投信日買超股 欣興 南亞 聯電yahoo股市 時報 台北電 台股日加權指數收 點 漲 點或 總成交值 億元,1,2303,聯電,1.8121911037891174
全部新聞圖片 地圖 影片 書籍 搜尋工具 搜尋所有網站搜尋所有網站搜尋所有中文網頁搜尋繁體中文網頁近期近期 過去 小時 過去 小時 過去 週 過去 個月 過去 年封存依關聯性排序依關聯性排序按日期排序台達電還能抱多久,1,2303,聯電,1.8121911037891174
中天新聞網美股於週二 日 全面收黑 儘管美國總統川普簽署法案結束了政府部分停擺的局面 但市場並未因此慶祝,1,2303,聯電,1.8121911037891174
由於每單位聯電adr相當於台股股聯電普通股 以月日新台幣匯市收盤價 元計算 小時前聯電創辦人曹興誠控名嘴散布合成不雅照敗訴 提再議被駁回自由時報聯電創辦人曹興誠去年被名嘴謝寒冰爆料 亮出曹與中國女子有多張私密照片,1,2303,聯電,1.8121911037891174
杜金龍馬年操作策略 這價位 就是發財起點今周刊聯電字頭太委屈,1,2303,聯電,1.8121911037891174
三大法人買超 億元 其中外資買超 億元 投信 自營商 小時前 下一頁 竹北 新竹縣竹北市根據你的 ip 位址 瞭解詳情登入設定隱私權服務條款深色主題 關閉,1,2303,聯電,1.8121911037891174
杜金龍看好台股主升段未完 直指大盤有機會上看點 萬點成新地板,1,2303,聯電,1.8121911037891174
復刻聯電走勢 漲價題材落空 世界先進股價跌停yahoo新聞晶圓代工廠世界先進昨天舉辦法人說明會 董事長暨策略長方略表示 目前成熟製程需求依然強勁 而世界先進仍針對產線進行大規模投資 成本免不了增加 天前美股驚魂夜 台積電 聯電adr為何挫了,1,2303,聯電,1.8121911037891174
法人 理由 不推 上市櫃旺得富理財網晶圓代工廠世界先進法說昨 日登場 接棒二哥聯電 釋出最新營運展望 被視為成熟製程的最新風向球,1,2303,聯電,1.8121911037891174
全部新聞圖片影片 地圖 書籍 搜尋工具 搜尋所有網站搜尋所有網站搜尋所有中文網頁搜尋繁體中文網頁近期近期 過去 小時 過去 小時 過去 週 過去 個月 過去 年封存依關聯性排序依關聯性排序按日期排序 即時新聞 金寶迎威騰轉單商機 硬碟代工看旺 年複合成長率有望逾 cmoney投資網誌威騰電子在儲存商機爆發下 擴大委外訂單 金寶 作為其合作夥伴受惠 產能與接單能見度提升,1,2312,金寶,2.357563850687628
目前因為衛星打到天上需要 週前誤會大了,1,2312,金寶,2.357563850687628
金寶股價跳空跌停全因公司高層說了一句大實話 證券工商時報金寶總經理陳威昌日在尾牙活動中 未待媒體追問即主動說明 目前公司低軌衛星業務處於暫停狀態,1,2312,金寶,2.357563850687628
總經理陳威昌說明 天前自爆低軌衛星業務暫停,1,2312,金寶,2.357563850687628
金寶總經理陳威昌表示 週前 下一頁 竹北 新竹縣竹北市根據你的 ip 位址 瞭解詳情登入設定隱私權服務條款深色主題 關閉,1,2312,金寶,2.357563850687628
根據媒體報導 陳威昌指出 金寶過去曾在泰國與墨西哥廠 替 週前 金寶 硬碟代工台鏈商機噴發 硬碟大廠威騰電子 wd cmoney 股市爆料同學會cmoney硬碟大廠威騰電子 wd 直言 儲存市場需求爆炸 旗下產能已被預訂一空 甚至部分訂單延伸到 年 反映其在ai 冷儲存市場的穩定需求趨勢,1,2312,金寶,2.357563850687628
不過當天外界也關心低軌衛星方面業務 金寶集團總經理陳威昌說明 該業務目前處於策略性暫停的狀態,1,2312,金寶,2.357563850687628
一文詳解遠見雜誌金寶低軌衛星業務暫停原因,1,2312,金寶,2.357563850687628
金寶跌落神壇續吞綠燈 這材料廠 天飆 轉冷入列檔跌停股yahoo股市軟板材料廠亞電 近期積極將產品線往高規格及高階應用 布局航太 半導體等相關材料 市場對其營運抱持高度期待 帶動股價連日走強 天悍漲 昨 週前金寶股價跌停,1,2312,金寶,2.357563850687628
小時前飆股金寶摔落跌停價 全因老總自曝 低軌衛星業務暫停 ettoday財經雲飆股金寶摔落跌停價全因老總自曝 低軌衛星業務暫停 因低軌衛星題材漲翻天還因此遭列處置股的金寶 今 日 股價卻戲劇性早盤觸 元跌停價 因 週前金寶自爆低軌衛星訂單暫停中 ssd擴產接棒財訊金寶自爆低軌衛星訂單暫停中ssd擴產接棒 金寶近日因低軌衛星題材股價飆漲 但公司高層今天表示 目前低軌衛星業務其實是暫停狀態,1,2312,金寶,2.357563850687628
根據證交所 櫃買中心最新公告顯示 今 日上市櫃及興櫃計有美德醫療 dr 愛地雅 等檔個股被關 天前金寶擴大ai 高毛利產品比重 優化獲利結構台視全球資訊網moneydj新聞 數位內容中心發佈金寶 管理層在旺年會上表示 低軌衛星相關業務目前處於策略性暫停,1,2312,金寶,2.357563850687628
ai伺服器需求轉變驅動硬碟市場 金寶迎來長線成長新週期 小時前華通與昇達科熱了 金寶卻跌停 spacex策略改變 太空商機要鎖定 難以自製的關鍵零件 經濟日報日前spacex來台擴大下訂單 華通與昇達科點燃了市場新一波的投資熱點 但衛星概念股的金寶卻逆勢跌停 原來月日金寶尾牙前 總經理陳威昌親口承認目前 天前 台北股市 處置股 日檔 上鎖 金寶 兆赫 碩禾 人將出 上市櫃旺得富理財網 時報 台北電,1,2312,金寶,2.357563850687628
金寶 google 搜尋 如果系統沒有在數秒鐘後將您重新導向 請按一下這裡,1,2312,金寶,2.357563850687628
國泰金 google 搜尋 如果系統沒有在數秒鐘後將您重新導向 請按一下這裡,1,2882,國泰金,2.557200538358016
台灣最賺錢金控是它 狂賺億元 這家獲利猛飆 成黑馬storm mg 年 年 全台家金控獲利成績單正式揭曉,1,2882,國泰金,2.557200538358016
全部新聞圖片影片 地圖 書籍 搜尋工具 搜尋所有網站搜尋所有網站搜尋所有中文網頁搜尋繁體中文網頁近期近期 過去 小時 過去 小時 過去 週 過去 個月 過去 年封存依關聯性排序依關聯性排序按日期排序國泰金 國壽認購lcp xi offshore 計 億美元yahoo股市公開資訊觀測站重大訊息公告 國泰金 代子公司國泰人壽公告取得lcp xi offshore l p 標的物之名稱及性質 屬特別股者,1,2882,國泰金,2.557200538358016
調查 週前國泰金 代國泰期貨股份有限公司公告董事會決議辦理現金增資發行新股yahoo股市公開資訊觀測站重大訊息公告 國泰金 代國泰期貨股份有限公司公告董事會決議辦理現金增資發行新股 董事會決議日期 小時前國泰金全年獲利上修 避險準備金餘額逾千億台視全球資訊網moneydj新聞 數位內容中心發佈國泰金控 日前公布年財報 月單月呈現稅後淨損 主因旗下國泰人壽一次性提列外匯價格變動 週前 下一頁 竹北 ,1,2882,國泰金,2.557200538358016
天前 台積電 資金買進國泰金跟新復興 有機會資金往裡面躲收紅 cmoney 股市爆料同學會cmoney文中還提及 新復興 國泰金 金像電 台燿,1,2882,國泰金,2.557200538358016
國泰金指出 小時前國泰 玉山輸了,1,2882,國泰金,2.557200538358016
檔殖利率衝破 法人瘋傳存股名單曝光 中信金 玉山金填息力最勇 上市櫃旺得富理財網富邦金 日前公布全年度合併稅後淨利達 億元 成功達成金控獲利王連霸 每股獲利 eps 王同樣由富邦金以 元拿下 台新新光金 在 小時前國泰世華銀行人事異動傅伯昇接任發言人 金融工商時報國泰金日代子公司國泰世華銀行公告發言人異動 因職務調整 國泰世華銀行發言人由資深副總經理張經理 調整成副總經理傅伯昇 日起生效,1,2882,國泰金,2.557200538358016
買進國泰金跟新復興有機會資金跑進來躲這 向上漲 小時前台股一月氣勢如虹 國泰金調查 近成民眾預期上半年低點破萬newtalk新聞國泰金控調查指出 隨國發會最新公布的 月景氣對策信號續亮 黃紅燈 領先指標持續上升 同時指標經回溯修正後轉呈現上升 反應景氣仍呈穩健成長,1,2882,國泰金,2.557200538358016
縱使面臨美國關稅政策 新台幣強升及壽險業 外價金 重提等衝擊 整體金控仍繳出 億元成績,1,2882,國泰金,2.557200538358016
